{
  "description": {
    "title": "Unhas&Estilo - A loja da Nail Designer / Manicure, especializada em produtos para unhas.",
    "text": ""
  },
  "links_1": {
    "list_pages": true,
    "title": "Páginas",
    "list": []
  },
  "links_2": {
    "list_categories": true,
    "title": "Categorias",
    "list": []
  },
  "contacts": {
    "title": "Contatos",
    "phone_wpp": true,
    "socials": true,
    "email": true,
    "address": true
  },
  "stamps": [
    {
      "src": "/img/uploads/site-seguro.png",
      "alt": "Site Seguro - Google",
      "link": "https://transparencyreport.google.com/safe-browsing/search?url=www.unhaseestilo.com.br"
    },
    {
      "src": "/img/uploads/certificado-ssl.png",
      "alt": "SSL - Segurança"
    },
    {
      "src": "/img/uploads/seguranca-site-3-.png"
    }
  ],
  "payment_methods": {
    "pix": true,
    "visa": true,
    "mastercard": true,
    "elo": true,
    "amex": true,
    "hipercard": true,
    "boleto": false
  },
  "credits": "Copyright © CNPJ: 35.506.126/0001-17 / Unhas&Estilo Todos os direitos Reservados."
}