{
  "meta_title": "Unhas & Estilo - A sua loja de beleza especializada em produtos para unhas.",
  "meta_description": "Unhas & Estilo - A sua loja de beleza especializada em produtos para unhas. Temos tudo para unhas naturais e artificiais.",
  "sections": [
    {
      "type": "banner-slider",
      "autoplay": 9000,
      "full_width": false,
      "slides": [
        {
          "start": "",
          "end": "",
          "img": "/img/uploads/retirada-pessoalmente-1.jpg",
          "mobile_img": "/img/uploads/retirada-pessoalmente.jpg",
          "alt": "Compre-online-retire-pessoalmente"
        },
        {
          "start": "",
          "end": "",
          "img": "/img/uploads/entrega.png",
          "mobile_img": "/img/uploads/entrega-480-x-300-px-1-.png"
        }
      ]
    },
    {
      "type": "collection-shelf",
      "shuffle": false,
      "limit": 12,
      "page": 1,
      "collection_id": "654673ea2cd6b65959975b03:categories:Promoção:/promocao",
      "sort": "sales",
      "title": "Promoções"
    },
    {
      "type": "collection-shelf",
      "shuffle": true,
      "limit": 12,
      "page": 1,
      "collection_id": "6571e4032cd6b65959d2087b:categories:InfoProdutos:/info-produtos",
      "sort": "views",
      "title": "Conquite mais Clientes 🚀"
    },
    {
      "type": "collection-shelf",
      "shuffle": false,
      "limit": 12,
      "page": 1,
      "collection_id": "6446e39a4bd2e929c1de1a42:categories:Alongamento Unhas:/alongamento-unhas",
      "sort": "sales",
      "link": "Alongamento 💅🏻",
      "autoplay": ""
    },
    {
      "type": "collection-shelf",
      "shuffle": false,
      "limit": 12,
      "page": 1,
      "sort": "sales",
      "headless": false,
      "title": "Mais Vendidos 🏆"
    },
    {
      "type": "collection-shelf",
      "shuffle": false,
      "limit": 12,
      "page": 1,
      "sort": "news",
      "title": "Novidades 🥳"
    },
    {
      "type": "breadcrumbs",
      "enabled": true
    },
    {
      "type": "review-carousel",
      "autoplay": 9000,
      "reviews": [
        {
          "nome": "Paula Garcia",
          "cidade": "Vitória - ES",
          "texto": "Adorei a loja, super recomendo! Chegou tudo certinho ❤",
          "img": "/img/uploads/r11u.png"
        },
        {
          "nome": "Larissa Santos",
          "cidade": "Itacoatiara - AM",
          "texto": "\"Amei os esmaltes, além de serem baratos, duram muito nas unhas. Já recomendei para todas as amigas 😍",
          "img": "/img/uploads/r43u.png"
        },
        {
          "nome": "Juliana Costa",
          "cidade": "Pelotas - RS",
          "texto": "Confesso que estava com medo de comprar pela internet, mas essa loja me surpreendeu. Os produtos chegaram certinho, já virei cliente fiel!",
          "img": "/img/uploads/r31u.png"
        },
        {
          "nome": "Aline Rocha",
          "cidade": "Anápolis - GO",
          "texto": "Nunca pensei que fosse achar tanta coisa legal e tão baratas. A Unhas&Estilo virou minha queridinha para reposição na minha Esmaltaria.",
          "img": "/img/uploads/r43u-2-.png"
        },
        {
          "texto": "Tava meio desconfiada no início, mas resolvi arriscar. Comprei uns esmaltes para testar.. Vou comprar de novo!",
          "nome": "Isabela Pereira",
          "cidade": "Parnamirim - RN",
          "img": "/img/uploads/ru31.png"
        },
        {
          "nome": "Raquel Mendes",
          "cidade": "Queimados - RJ",
          "texto": "Comprei um kit para começar, chegou certinho! Agora vou testar.",
          "img": "/img/uploads/r12u.png"
        }
      ],
      "title": "Depoimentos de clientes reais, certificados pelo Google"
    }
  ]
}